,AbTest,ID,Property,Test Type,AMB0,AMB1,AMB2,AMB3,AMB5,AMB8,AMB12,AMB14,AMB17,AMB18, 536696620
1,AM_Test1,1,am2,1F,13,99,0,3,10,87,99,99,91,57,-1
205,AM_Test1,2,am2,1F,0,100,0,0,5,86,100,100,100,60,-1
227,AM_Test1,3,am2,1F,0,100,0,0,0,100,100,100,100,43,-1
249,AM_Test1,4,am2,1F,2,100,0,0,1,91,100,100,99,62,-1
271,AM_Test1,5,am2,1F,0,100,0,0,0,98,100,92,46,6,-1
293,AM_Test1,6,am2,1F,0,100,0,0,7,72,100,100,100,57,-1
315,AM_Test1,7,am2,1F,0,100,0,0,0,88,100,71,5,0,-1
337,AM_Test1,8,am2,1F,0,100,0,0,0,96,100,92,12,0,-1
359,AM_Test1,9,am2,1F,0,100,0,0,0,97,100,94,11,0,-1
3,AM_Test1,10,am2,1F,0,100,0,0,0,99,100,100,98,29,-1
25,AM_Test1,11,am2,1F,0,100,0,0,0,100,100,100,100,49,-1
47,AM_Test1,12,am2,1F,0,100,0,0,0,100,100,100,100,2,-1
69,AM_Test1,13,am2,1F,0,100,0,0,0,100,100,100,68,1,-1
91,AM_Test1,14,am2,1F,0,100,0,0,0,100,100,100,91,0,-1
113,AM_Test1,15,am2,1F,0,100,0,0,0,100,100,100,100,0,-1
135,AM_Test1,16,am2,1F,0,100,0,0,0,100,100,100,58,1,-1
157,AM_Test1,17,am2,1F,0,100,0,0,0,100,100,100,33,0,-1
179,AM_Test1,18,am2,1F,0,100,0,0,0,100,100,100,23,0,-1
201,AM_Test1,19,am2,1F,0,0,0,0,0,0,0,0,0,0,-1
207,AM_Test1,20,am2,1F,0,0,0,0,0,0,0,0,0,0,-1
209,AM_Test1,21,am2,1F,0,0,0,0,0,0,0,0,0,0,-1
211,AM_Test1,22,am2,1F,0,100,0,0,0,99,100,92,17,0,-1
213,AM_Test1,23,am2,1F,0,100,0,0,0,100,100,100,58,0,-1
215,AM_Test1,24,am2,1F,0,100,0,0,0,100,100,100,64,0,-1
217,AM_Test1,25,am2,1F,5,80,68,10,93,52,33,98,100,64,-1
219,AM_Test1,26,am2,1F,0,100,0,0,46,58,100,100,100,54,-1
221,AM_Test1,27,am2,1F,0,100,0,0,0,100,100,97,45,0,-1
223,AM_Test1,28,am2,1F,69,77,73,77,76,55,61,63,83,82,-1
225,AM_Test1,29,am2,1F,10,96,4,8,28,81,98,99,97,70,-1
229,AM_Test1,30,am2,1F,0,100,0,0,0,100,100,100,100,32,-1
231,AM_Test1,31,am2,1F,0,100,0,0,0,100,100,100,98,31,-1
233,AM_Test1,32,am2,1F,0,100,0,0,0,100,100,100,78,0,-1
235,AM_Test1,33,am2,1F,0,100,0,0,0,100,100,97,18,0,-1
237,AM_Test1,34,am2,1F,0,100,0,0,0,99,100,100,97,22,-1
239,AM_Test1,35,am2,1F,0,100,0,0,0,100,100,100,98,7,-1
241,AM_Test1,36,am2,1F,0,100,0,0,0,100,100,100,54,0,-1
243,AM_Test1,37,am2,1F,0,100,0,0,0,100,100,100,87,6,-1
245,AM_Test1,38,am2,1F,0,100,0,0,0,100,100,100,80,0,-1
247,AM_Test1,39,am2,1F,0,100,0,0,0,99,100,88,0,0,-1
251,AM_Test1,40,am2,1F,0,100,0,0,0,100,100,100,71,1,-1
253,AM_Test1,41,am2,1F,0,100,0,0,0,100,100,100,42,0,-1
255,AM_Test1,42,am2,1F,0,100,0,0,0,100,100,100,100,0,-1
257,AM_Test1,43,am2,1F,0,0,0,0,0,0,0,0,0,0,-1
259,AM_Test1,44,am2,1F,0,0,0,0,0,0,0,0,0,0,-1
261,AM_Test1,45,am2,1F,0,0,0,0,0,0,0,0,0,0,-1
263,AM_Test1,46,am2,1F,0,100,0,0,0,100,100,95,25,0,-1
265,AM_Test1,47,am2,1F,0,100,0,0,0,100,100,100,87,0,-1
267,AM_Test1,48,am2,1F,0,100,0,0,0,100,100,100,100,0,-1
269,AM_Test1,49,am2,1F,0,100,0,0,39,67,100,100,100,69,-1
273,AM_Test1,50,am2,1F,0,100,0,0,5,75,100,100,100,58,-1
275,AM_Test1,51,am2,1F,0,98,0,0,100,24,100,100,100,58,-1
277,AM_Test1,52,am2,1F,0,91,17,0,96,37,63,100,100,58,-1
279,AM_Test1,53,am2,1F,0,100,0,0,90,41,100,100,100,61,-1
281,AM_Test1,54,am2,1F,0,100,0,0,0,79,100,100,100,63,-1
283,AM_Test1,55,am2,1F,0,100,0,0,6,80,100,100,100,60,-1
285,AM_Test1,56,am2,1F,0,100,0,0,0,100,100,100,100,55,-1
287,AM_Test1,57,am2,1F,0,100,0,0,0,99,100,100,100,58,-1
289,AM_Test1,58,am2,1F,0,100,0,0,0,97,100,100,98,47,-1
291,AM_Test1,59,am2,1F,0,100,0,0,0,100,100,100,100,44,-1
295,AM_Test1,60,am2,1F,0,100,0,0,0,100,100,100,100,56,-1
297,AM_Test1,61,am2,1F,0,100,0,0,0,100,100,100,99,16,-1
299,AM_Test1,62,am2,1F,0,100,0,0,0,100,100,100,99,4,-1
301,AM_Test1,63,am2,1F,0,100,0,0,0,100,100,100,100,1,-1
303,AM_Test1,64,am2,1F,0,100,0,0,0,100,100,100,100,18,-1
305,AM_Test1,65,am2,1F,0,100,0,0,0,100,100,100,100,2,-1
307,AM_Test1,66,am2,1F,0,100,0,0,0,100,100,100,100,48,-1
309,AM_Test1,67,am2,1F,0,0,0,0,0,0,0,0,0,0,-1
311,AM_Test1,68,am2,1F,0,0,0,0,0,0,0,0,0,0,-1
313,AM_Test1,69,am2,1F,0,0,0,0,0,0,0,0,0,0,-1
317,AM_Test1,70,am2,1F,0,100,0,0,0,100,100,100,100,14,-1
319,AM_Test1,71,am2,1F,0,100,0,0,0,100,100,100,100,8,-1
321,AM_Test1,72,am2,1F,0,100,0,0,0,100,100,100,100,0,-1
323,AM_Test1,73,am2,1F,0,93,0,0,96,25,81,100,100,55,-1
325,AM_Test1,74,am2,1F,0,100,0,0,0,85,100,100,100,67,-1
327,AM_Test1,75,am2,1F,0,100,0,0,4,74,100,100,100,62,-1
329,AM_Test1,76,am2,1F,0,100,0,0,4,82,100,100,100,58,-1
331,AM_Test1,77,am2,1F,0,100,0,0,27,64,100,100,100,65,-1
333,AM_Test1,78,am2,1F,0,100,0,0,93,43,100,100,100,68,-1
335,AM_Test1,79,am2,1F,0,100,0,0,0,99,100,100,100,54,-1
339,AM_Test1,80,am2,1F,0,100,0,0,0,99,100,100,100,46,-1
341,AM_Test1,81,am2,1F,0,100,0,0,0,92,100,100,100,60,-1
343,AM_Test1,82,am2,1F,0,100,0,0,7,75,100,100,100,65,-1
345,AM_Test1,83,am2,1F,0,100,0,0,0,100,100,100,100,53,-1
347,AM_Test1,84,am2,1F,0,100,0,0,0,100,100,100,100,47,-1
349,AM_Test1,85,am2,1F,0,100,0,0,0,100,100,100,100,42,-1
351,AM_Test1,86,am2,1F,0,100,0,0,0,100,100,100,100,32,-1
353,AM_Test1,87,am2,1F,0,100,0,0,0,100,100,100,100,10,-1
355,AM_Test1,88,am2,1F,0,100,0,0,0,100,100,100,100,58,-1
357,AM_Test1,89,am2,1F,0,100,0,0,0,100,100,100,100,46,-1
361,AM_Test1,90,am2,1F,0,100,0,0,0,100,100,100,100,2,-1
363,AM_Test1,91,am2,1F,0,0,0,0,0,0,0,0,0,0,-1
365,AM_Test1,92,am2,1F,0,0,0,0,0,0,0,0,0,0,-1
367,AM_Test1,93,am2,1F,0,0,0,0,0,0,0,0,0,0,-1
369,AM_Test1,94,am2,1F,0,100,0,0,0,100,100,100,90,0,-1
371,AM_Test1,95,am2,1F,0,100,0,0,0,100,100,100,100,1,-1
373,AM_Test1,96,am2,1F,0,100,0,0,0,100,100,100,100,0,-1
375,AM_Test1,97,am2,1F,0,100,0,0,40,54,100,100,100,62,-1
377,AM_Test1,98,am2,1F,0,100,0,0,4,71,100,100,100,64,-1
379,AM_Test1,99,am2,1F,0,100,0,0,98,34,100,100,100,60,-1
5,AM_Test1,100,am2,1F,0,100,0,0,78,33,100,100,100,63,-1
7,AM_Test1,101,am2,1F,0,100,0,0,100,20,99,100,100,65,-1
9,AM_Test1,102,am2,1F,0,100,0,0,90,45,100,100,100,60,-1
11,AM_Test1,103,am2,1F,0,100,0,0,0,92,100,100,100,61,-1
13,AM_Test1,104,am2,1F,0,100,0,0,0,81,100,100,100,59,-1
15,AM_Test1,105,am2,1F,0,100,0,0,0,95,100,100,100,54,-1
17,AM_Test1,106,am2,1F,0,100,0,0,0,84,100,100,100,62,-1
19,AM_Test1,107,am2,1F,0,100,0,0,2,79,100,100,100,59,-1
21,AM_Test1,108,am2,1F,0,100,0,0,0,98,100,100,100,62,-1
23,AM_Test1,109,am2,1F,0,100,0,0,0,98,100,100,100,62,-1
27,AM_Test1,110,am2,1F,0,100,0,0,0,100,100,100,100,54,-1
29,AM_Test1,111,am2,1F,0,100,0,0,0,100,100,100,100,58,-1
31,AM_Test1,112,am2,1F,0,100,0,0,0,100,100,100,100,35,-1
33,AM_Test1,113,am2,1F,0,100,0,0,0,100,100,100,100,62,-1
35,AM_Test1,114,am2,1F,0,100,0,0,0,100,100,100,100,56,-1
37,AM_Test1,115,am2,1F,0,0,0,0,0,0,0,0,0,0,-1
39,AM_Test1,116,am2,1F,0,0,0,0,0,0,0,0,0,0,-1
41,AM_Test1,117,am2,1F,0,0,0,0,0,0,0,0,0,0,-1
43,AM_Test1,118,am2,1F,0,100,0,0,0,99,100,100,100,58,-1
45,AM_Test1,119,am2,1F,0,100,0,0,0,100,100,100,100,56,-1
49,AM_Test1,120,am2,1F,0,100,0,0,0,100,100,100,100,58,-1
51,AM_Test1,121,am2,1F,0,70,19,0,100,13,32,100,100,59,-1
53,AM_Test1,122,am2,1F,0,100,0,0,4,73,100,100,100,61,-1
55,AM_Test1,123,am2,1F,0,81,12,0,100,3,32,100,100,59,-1
57,AM_Test1,124,am2,1F,0,46,82,0,100,2,0,100,100,73,-1
59,AM_Test1,125,am2,1F,0,89,1,0,100,10,65,100,100,54,-1
61,AM_Test1,126,am2,1F,0,100,0,0,1,74,100,100,100,63,-1
63,AM_Test1,127,am2,1F,0,100,0,0,0,94,100,100,100,57,-1
65,AM_Test1,128,am2,1F,0,100,0,0,0,81,100,100,100,68,-1
67,AM_Test1,129,am2,1F,0,100,0,0,0,95,100,100,100,66,-1
71,AM_Test1,130,am2,1F,0,100,0,0,0,88,100,100,100,65,-1
73,AM_Test1,131,am2,1F,0,100,0,0,0,97,100,100,100,58,-1
75,AM_Test1,132,am2,1F,0,100,0,0,0,98,100,100,100,58,-1
77,AM_Test1,133,am2,1F,0,100,0,0,0,100,100,100,100,54,-1
79,AM_Test1,134,am2,1F,0,100,0,0,0,100,100,100,100,36,-1
81,AM_Test1,135,am2,1F,0,100,0,0,0,100,100,100,100,69,-1
83,AM_Test1,136,am2,1F,0,100,0,0,0,94,100,100,100,68,-1
85,AM_Test1,137,am2,1F,0,100,0,0,0,95,100,100,100,66,-1
87,AM_Test1,138,am2,1F,0,100,0,0,0,99,100,100,100,60,-1
89,AM_Test1,139,am2,1F,0,0,0,0,0,0,0,0,0,0,-1
93,AM_Test1,140,am2,1F,0,0,0,0,0,0,0,0,0,0,-1
95,AM_Test1,141,am2,1F,0,0,0,0,0,0,0,0,0,0,-1
97,AM_Test1,142,am2,1F,0,100,0,0,0,100,100,100,100,56,-1
99,AM_Test1,143,am2,1F,0,100,0,0,0,100,100,100,100,58,-1
101,AM_Test1,144,am2,1F,0,100,0,0,0,100,100,100,100,58,-1
103,AM_Test1,145,am2,1F,0,0,0,0,0,0,0,0,0,0,-1
105,AM_Test1,146,am2,1F,0,0,0,0,0,0,0,0,0,0,-1
107,AM_Test1,147,am2,1F,0,0,0,0,0,0,0,0,0,0,-1
109,AM_Test1,148,am2,1F,0,0,0,0,0,0,0,0,0,0,-1
111,AM_Test1,149,am2,1F,0,0,0,0,0,0,0,0,0,0,-1
115,AM_Test1,150,am2,1F,0,0,0,0,0,0,0,0,0,0,-1
117,AM_Test1,151,am2,1F,0,0,0,0,0,0,0,0,0,0,-1
119,AM_Test1,152,am2,1F,0,0,0,0,0,0,0,0,0,0,-1
121,AM_Test1,153,am2,1F,0,0,0,0,0,0,0,0,0,0,-1
123,AM_Test1,154,am2,1F,0,0,0,0,0,0,0,0,0,0,-1
125,AM_Test1,155,am2,1F,0,0,0,0,0,0,0,0,0,0,-1
127,AM_Test1,156,am2,1F,0,0,0,0,0,0,0,0,0,0,-1
129,AM_Test1,157,am2,1F,0,0,0,0,0,0,0,0,0,0,-1
131,AM_Test1,158,am2,1F,0,0,0,0,0,0,0,0,0,0,-1
133,AM_Test1,159,am2,1F,0,0,0,0,0,0,0,0,0,0,-1
137,AM_Test1,160,am2,1F,0,0,0,0,0,0,0,0,0,0,-1
139,AM_Test1,161,am2,1F,0,0,0,0,0,0,0,0,0,0,-1
141,AM_Test1,162,am2,1F,0,0,0,0,0,0,0,0,0,0,-1
143,AM_Test1,163,am2,1F,0,0,0,0,0,0,0,0,0,0,-1
145,AM_Test1,164,am2,1F,0,0,0,0,0,0,0,0,0,0,-1
147,AM_Test1,165,am2,1F,0,0,0,0,0,0,0,0,0,0,-1
149,AM_Test1,166,am2,1F,0,0,0,0,0,0,0,0,0,0,-1
151,AM_Test1,167,am2,1F,0,100,0,0,95,35,100,100,100,57,-1
153,AM_Test1,168,am2,1F,0,100,0,0,59,55,100,100,100,63,-1
155,AM_Test1,169,am2,1F,0,100,0,0,100,24,100,100,100,59,-1
159,AM_Test1,170,am2,1F,0,100,0,0,84,45,100,100,100,62,-1
161,AM_Test1,171,am2,1F,0,100,0,0,98,34,100,100,100,55,-1
163,AM_Test1,172,am2,1F,0,100,0,0,100,23,100,100,100,57,-1
165,AM_Test1,173,am2,1F,0,100,0,0,0,97,100,100,100,55,-1
167,AM_Test1,174,am2,1F,0,100,0,0,2,73,100,100,100,57,-1
169,AM_Test1,175,am2,1F,0,100,0,0,0,98,100,100,100,57,-1
171,AM_Test1,176,am2,1F,0,100,0,0,0,88,100,100,100,67,-1
173,AM_Test1,177,am2,1F,0,100,0,0,20,69,100,100,100,63,-1
175,AM_Test1,178,am2,1F,0,100,0,0,0,77,100,100,100,63,-1
177,AM_Test1,179,am2,1F,0,100,0,0,0,93,100,100,100,57,-1
181,AM_Test1,180,am2,1F,0,100,0,0,0,98,100,100,100,55,-1
183,AM_Test1,181,am2,1F,0,100,0,0,0,100,100,100,100,65,-1
185,AM_Test1,182,am2,1F,0,100,0,0,0,100,100,100,100,62,-1
187,AM_Test1,183,am2,1F,0,100,0,0,0,98,100,100,100,64,-1
189,AM_Test1,184,am2,1F,0,100,0,0,0,98,100,100,100,53,-1
191,AM_Test1,185,am2,1F,0,0,0,0,0,0,0,0,0,0,-1
193,AM_Test1,186,am2,1F,0,0,0,0,0,0,0,0,0,0,-1
195,AM_Test1,187,am2,1F,0,0,0,0,0,0,0,0,0,0,-1
197,AM_Test1,188,am2,1F,0,100,0,0,0,100,100,100,100,61,-1
199,AM_Test1,189,am2,1F,0,100,0,0,0,99,100,100,100,64,-1
203,AM_Test1,190,am2,1F,0,100,0,0,0,100,100,100,100,64,-1
476,AM_Test2,2,am3,1F,6,100,100,75,100,84,100,100,100,62,-1
486,AM_Test2,3,am3,1F,6,100,100,100,100,94,100,100,100,65,-1
497,AM_Test2,4,am3,1F,37,100,100,97,100,92,100,100,100,79,-1
508,AM_Test2,5,am3,1F,2,90,100,7,100,52,85,100,100,69,-1
519,AM_Test2,6,am3,1F,0,100,100,53,100,70,100,100,100,65,-1
530,AM_Test2,7,am3,1F,0,68,100,0,100,15,35,100,100,53,-1
541,AM_Test2,8,am3,1F,0,93,100,0,100,15,92,100,100,57,-1
552,AM_Test2,9,am3,1F,0,97,100,0,100,7,83,100,100,60,-1
380,AM_Test2,10,am3,1F,9,100,100,66,100,84,100,100,100,63,-1
391,AM_Test2,11,am3,1F,15,100,100,100,100,96,100,100,100,64,-1
401,AM_Test2,12,am3,1F,0,100,100,2,100,79,100,100,100,58,-1
412,AM_Test2,13,am3,1F,0,99,100,0,100,46,100,100,100,59,-1
423,AM_Test2,14,am3,1F,0,100,100,0,100,57,100,100,100,58,-1
434,AM_Test2,15,am3,1F,0,100,100,0,100,70,100,100,100,63,-1
445,AM_Test2,16,am3,1F,0,100,100,0,100,40,100,100,100,58,-1
455,AM_Test2,17,am3,1F,0,100,100,0,100,16,100,100,100,56,-1
466,AM_Test2,18,am3,1F,0,100,100,0,100,13,100,100,100,58,-1
475,AM_Test2,19,am3,1F,0,0,0,0,0,0,0,0,0,0,-1
477,AM_Test2,20,am3,1F,0,0,0,0,0,0,0,0,0,0,-1
478,AM_Test2,21,am3,1F,0,0,0,0,0,0,0,0,0,0,-1
479,AM_Test2,22,am3,1F,0,96,100,0,100,12,91,100,100,54,-1
480,AM_Test2,23,am3,1F,0,100,100,0,100,31,100,100,100,53,-1
481,AM_Test2,24,am3,1F,0,100,100,0,100,27,100,100,100,61,-1
482,AM_Test2,25,am3,1F,11,71,100,19,100,42,37,100,100,59,-1
483,AM_Test2,26,am3,1F,1,99,100,12,100,53,100,100,100,71,-1
484,AM_Test2,27,am3,1F,0,99,100,2,100,33,99,100,100,65,-1
485,AM_Test2,29,am3,1F,38,98,100,80,100,86,99,100,100,75,-1
487,AM_Test2,30,am3,1F,1,100,100,94,100,88,100,100,100,62,-1
488,AM_Test2,31,am3,1F,9,100,100,84,100,85,100,100,100,64,-1
489,AM_Test2,32,am3,1F,0,100,100,0,100,50,100,100,100,65,-1
490,AM_Test2,33,am3,1F,0,95,100,0,100,16,99,100,100,57,-1
491,AM_Test2,34,am3,1F,5,100,100,61,100,83,100,100,100,67,-1
492,AM_Test2,35,am3,1F,0,100,100,26,100,71,100,100,100,61,-1
493,AM_Test2,36,am3,1F,0,100,100,0,100,30,100,100,100,57,-1
494,AM_Test2,37,am3,1F,0,100,100,8,100,57,100,100,100,62,-1
495,AM_Test2,38,am3,1F,0,100,100,0,100,44,100,100,100,60,-1
496,AM_Test2,39,am3,1F,0,86,100,0,100,5,75,100,100,64,-1
498,AM_Test2,40,am3,1F,0,100,100,1,100,53,100,100,100,75,-1
499,AM_Test2,41,am3,1F,0,100,100,0,100,32,100,100,100,54,-1
500,AM_Test2,42,am3,1F,0,100,100,0,100,68,100,100,100,65,-1
501,AM_Test2,43,am3,1F,0,0,0,0,0,0,0,0,0,0,-1
502,AM_Test2,44,am3,1F,0,0,0,0,0,0,0,0,0,0,-1
503,AM_Test2,45,am3,1F,0,0,0,0,0,0,0,0,0,0,-1
504,AM_Test2,46,am3,1F,0,92,100,0,100,21,94,100,100,62,-1
505,AM_Test2,47,am3,1F,0,100,100,0,100,50,100,100,100,56,-1
506,AM_Test2,48,am3,1F,0,100,100,0,100,46,100,100,100,58,-1
507,AM_Test2,49,am3,1F,1,100,100,21,100,65,100,100,100,66,-1
509,AM_Test2,50,am3,1F,0,100,100,16,100,77,100,100,100,52,-1
510,AM_Test2,51,am3,1F,0,98,100,0,100,25,99,100,100,55,-1
511,AM_Test2,52,am3,1F,0,93,100,0,100,33,67,100,100,61,-1
512,AM_Test2,53,am3,1F,0,100,100,0,100,34,100,100,100,63,-1
513,AM_Test2,54,am3,1F,0,100,100,14,100,79,100,100,100,54,-1
514,AM_Test2,55,am3,1F,3,100,100,47,100,77,100,100,100,49,-1
515,AM_Test2,56,am3,1F,37,100,100,100,100,100,100,100,100,69,-1
516,AM_Test2,57,am3,1F,36,100,100,100,100,97,100,100,100,60,-1
517,AM_Test2,58,am3,1F,30,100,100,98,100,95,100,100,100,68,-1
518,AM_Test2,59,am3,1F,2,100,100,99,100,95,100,100,100,64,-1
520,AM_Test2,60,am3,1F,47,100,100,100,100,100,100,100,100,60,-1
521,AM_Test2,61,am3,1F,0,100,100,31,100,78,100,100,100,70,-1
522,AM_Test2,62,am3,1F,0,100,100,11,100,76,100,100,100,66,-1
523,AM_Test2,63,am3,1F,0,100,100,13,100,83,100,100,100,67,-1
524,AM_Test2,64,am3,1F,2,100,100,66,100,86,100,100,100,60,-1
525,AM_Test2,65,am3,1F,0,100,100,5,100,70,100,100,100,57,-1
526,AM_Test2,66,am3,1F,3,100,100,100,100,99,100,100,100,50,-1
527,AM_Test2,67,am3,1F,0,0,0,0,0,0,0,0,0,0,-1
528,AM_Test2,68,am3,1F,0,0,0,0,0,0,0,0,0,0,-1
529,AM_Test2,69,am3,1F,0,0,0,0,0,0,0,0,0,0,-1
531,AM_Test2,70,am3,1F,0,100,100,55,100,89,100,100,100,69,-1
532,AM_Test2,71,am3,1F,0,100,100,64,100,86,100,100,100,61,-1
533,AM_Test2,72,am3,1F,0,100,100,0,100,67,100,100,100,64,-1
534,AM_Test2,73,am3,1F,0,92,100,0,100,36,87,100,100,62,-1
535,AM_Test2,74,am3,1F,0,100,100,66,100,87,100,100,100,60,-1
536,AM_Test2,75,am3,1F,0,100,100,5,100,77,100,100,100,64,-1
537,AM_Test2,76,am3,1F,12,100,100,80,100,83,100,100,100,63,-1
538,AM_Test2,77,am3,1F,0,100,100,1,100,53,100,100,100,63,-1
539,AM_Test2,78,am3,1F,0,100,100,0,100,35,100,100,100,62,-1
540,AM_Test2,79,am3,1F,23,100,100,99,100,91,100,100,100,57,-1
542,AM_Test2,80,am3,1F,12,100,100,100,100,97,100,100,100,61,-1
543,AM_Test2,81,am3,1F,0,100,100,99,100,98,100,100,100,67,-1
544,AM_Test2,82,am3,1F,2,100,100,64,100,87,100,100,100,65,-1
545,AM_Test2,83,am3,1F,31,100,100,100,100,97,100,100,100,61,-1
546,AM_Test2,84,am3,1F,1,100,100,100,100,100,100,100,100,56,-1
547,AM_Test2,85,am3,1F,16,100,100,98,100,91,100,100,100,60,-1
548,AM_Test2,86,am3,1F,0,100,100,94,100,91,100,100,100,58,-1
549,AM_Test2,87,am3,1F,0,100,100,76,100,92,100,100,100,59,-1
550,AM_Test2,88,am3,1F,46,100,100,100,100,98,100,100,100,67,-1
551,AM_Test2,89,am3,1F,2,100,100,99,100,96,100,100,100,64,-1
553,AM_Test2,90,am3,1F,0,100,100,38,100,90,100,100,100,52,-1
554,AM_Test2,91,am3,1F,0,0,0,0,0,0,0,0,0,0,-1
555,AM_Test2,92,am3,1F,0,0,0,0,0,0,0,0,0,0,-1
556,AM_Test2,93,am3,1F,0,0,0,0,0,0,0,0,0,0,-1
557,AM_Test2,94,am3,1F,0,100,100,4,100,70,100,100,100,60,-1
558,AM_Test2,95,am3,1F,0,100,100,9,100,76,100,100,100,61,-1
559,AM_Test2,96,am3,1F,0,100,100,1,100,80,100,100,100,59,-1
560,AM_Test2,97,am3,1F,0,100,100,6,100,62,100,100,100,50,-1
561,AM_Test2,98,am3,1F,0,100,100,18,100,74,100,100,100,65,-1
562,AM_Test2,99,am3,1F,0,100,100,0,100,32,100,100,100,57,-1
381,AM_Test2,100,am3,1F,0,100,100,0,100,40,100,100,100,63,-1
382,AM_Test2,101,am3,1F,0,98,100,0,100,17,100,100,100,55,-1
383,AM_Test2,102,am3,1F,0,100,100,0,100,47,100,100,100,70,-1
384,AM_Test2,103,am3,1F,7,100,100,94,100,91,100,100,100,59,-1
385,AM_Test2,104,am3,1F,0,100,100,26,100,85,100,100,100,64,-1
386,AM_Test2,105,am3,1F,0,100,100,98,100,95,100,100,100,60,-1
387,AM_Test2,106,am3,1F,1,100,100,74,100,87,100,100,100,57,-1
388,AM_Test2,107,am3,1F,0,100,100,17,100,70,100,100,100,59,-1
389,AM_Test2,108,am3,1F,0,100,100,100,100,93,100,100,100,70,-1
390,AM_Test2,109,am3,1F,50,100,100,100,100,97,100,100,100,59,-1
392,AM_Test2,111,am3,1F,29,100,100,100,100,100,100,100,100,60,-1
393,AM_Test2,112,am3,1F,7,100,100,99,100,92,100,100,100,55,-1
394,AM_Test2,113,am3,1F,37,100,100,100,100,100,100,100,100,61,-1
395,AM_Test2,114,am3,1F,8,100,100,100,100,100,100,100,100,62,-1
396,AM_Test2,115,am3,1F,0,0,0,0,0,0,0,0,0,0,-1
397,AM_Test2,116,am3,1F,0,0,0,0,0,0,0,0,0,0,-1
398,AM_Test2,117,am3,1F,0,0,0,0,0,0,0,0,0,0,-1
399,AM_Test2,118,am3,1F,44,100,100,100,100,99,100,100,100,71,-1
400,AM_Test2,119,am3,1F,2,100,100,100,100,100,100,100,100,60,-1
402,AM_Test2,120,am3,1F,19,100,100,100,100,100,100,100,100,59,-1
403,AM_Test2,121,am3,1F,0,69,100,0,100,10,27,100,100,55,-1
404,AM_Test2,122,am3,1F,0,100,100,16,100,77,100,100,100,57,-1
405,AM_Test2,123,am3,1F,0,72,100,0,100,3,25,100,100,52,-1
406,AM_Test2,124,am3,1F,0,59,100,0,100,1,0,100,100,72,-1
407,AM_Test2,125,am3,1F,0,92,100,0,100,18,71,100,100,57,-1
408,AM_Test2,126,am3,1F,0,100,100,0,100,78,100,100,100,65,-1
409,AM_Test2,127,am3,1F,3,100,100,98,100,87,100,100,100,61,-1
410,AM_Test2,128,am3,1F,0,100,100,74,100,92,100,100,100,50,-1
411,AM_Test2,129,am3,1F,0,100,100,100,100,96,100,100,100,68,-1
413,AM_Test2,130,am3,1F,13,100,100,95,100,87,100,100,100,63,-1
414,AM_Test2,131,am3,1F,2,100,100,98,100,93,100,100,100,62,-1
415,AM_Test2,132,am3,1F,0,100,100,100,100,98,100,100,100,61,-1
416,AM_Test2,133,am3,1F,45,100,100,100,100,95,100,100,100,67,-1
417,AM_Test2,134,am3,1F,1,100,100,100,100,96,100,100,100,65,-1
418,AM_Test2,135,am3,1F,20,100,100,100,100,100,100,100,100,63,-1
419,AM_Test2,136,am3,1F,4,100,100,98,100,92,100,100,100,64,-1
420,AM_Test2,137,am3,1F,2,100,100,100,100,96,100,100,100,61,-1
421,AM_Test2,138,am3,1F,4,100,100,100,100,99,100,100,100,53,-1
422,AM_Test2,139,am3,1F,0,0,0,0,0,0,0,0,0,0,-1
424,AM_Test2,140,am3,1F,0,0,0,0,0,0,0,0,0,0,-1
425,AM_Test2,141,am3,1F,0,0,0,0,0,0,0,0,0,0,-1
426,AM_Test2,142,am3,1F,24,100,100,100,100,97,100,100,100,56,-1
427,AM_Test2,143,am3,1F,27,100,100,100,100,100,100,100,100,56,-1
428,AM_Test2,144,am3,1F,4,100,100,100,100,99,100,100,100,65,-1
429,AM_Test2,145,am3,1F,0,0,0,0,0,0,0,0,0,0,-1
430,AM_Test2,146,am3,1F,0,0,0,0,0,0,0,0,0,0,-1
431,AM_Test2,147,am3,1F,0,0,0,0,0,0,0,0,0,0,-1
432,AM_Test2,148,am3,1F,0,0,0,0,0,0,0,0,0,0,-1
433,AM_Test2,149,am3,1F,0,0,0,0,0,0,0,0,0,0,-1
435,AM_Test2,150,am3,1F,0,0,0,0,0,0,0,0,0,0,-1
436,AM_Test2,151,am3,1F,0,0,0,0,0,0,0,0,0,0,-1
437,AM_Test2,152,am3,1F,0,0,0,0,0,0,0,0,0,0,-1
438,AM_Test2,153,am3,1F,0,0,0,0,0,0,0,0,0,0,-1
439,AM_Test2,154,am3,1F,0,0,0,0,0,0,0,0,0,0,-1
440,AM_Test2,155,am3,1F,0,0,0,0,0,0,0,0,0,0,-1
441,AM_Test2,156,am3,1F,0,0,0,0,0,0,0,0,0,0,-1
442,AM_Test2,157,am3,1F,0,0,0,0,0,0,0,0,0,0,-1
443,AM_Test2,158,am3,1F,0,0,0,0,0,0,0,0,0,0,-1
444,AM_Test2,159,am3,1F,0,0,0,0,0,0,0,0,0,0,-1
446,AM_Test2,160,am3,1F,0,0,0,0,0,0,0,0,0,0,-1
447,AM_Test2,161,am3,1F,0,0,0,0,0,0,0,0,0,0,-1
448,AM_Test2,162,am3,1F,0,0,0,0,0,0,0,0,0,0,-1
449,AM_Test2,164,am3,1F,0,0,0,0,0,0,0,0,0,0,-1
450,AM_Test2,165,am3,1F,0,0,0,0,0,0,0,0,0,0,-1
451,AM_Test2,166,am3,1F,0,0,0,0,0,0,0,0,0,0,-1
452,AM_Test2,167,am3,1F,0,99,100,0,100,42,100,100,100,62,-1
453,AM_Test2,168,am3,1F,0,100,100,0,100,60,100,100,100,56,-1
454,AM_Test2,169,am3,1F,0,100,100,0,100,20,100,100,100,48,-1
456,AM_Test2,170,am3,1F,0,100,100,0,100,49,100,100,100,61,-1
457,AM_Test2,171,am3,1F,0,100,100,0,100,30,100,100,100,66,-1
458,AM_Test2,172,am3,1F,0,100,100,0,100,24,100,100,100,60,-1
459,AM_Test2,173,am3,1F,5,100,100,93,100,95,100,100,100,66,-1
460,AM_Test2,174,am3,1F,0,100,100,4,100,71,100,100,100,62,-1
461,AM_Test2,175,am3,1F,0,100,100,95,100,96,100,100,100,68,-1
462,AM_Test2,176,am3,1F,2,100,100,88,100,93,100,100,100,60,-1
463,AM_Test2,177,am3,1F,0,100,100,1,100,58,100,100,100,66,-1
464,AM_Test2,178,am3,1F,0,100,100,1,100,69,100,100,100,63,-1
465,AM_Test2,179,am3,1F,7,100,100,100,100,91,100,100,100,60,-1
467,AM_Test2,180,am3,1F,5,100,100,100,100,100,100,100,100,63,-1
468,AM_Test2,181,am3,1F,33,100,100,100,100,100,100,100,100,59,-1
469,AM_Test2,182,am3,1F,50,100,100,100,100,99,100,100,100,63,-1
470,AM_Test2,183,am3,1F,8,100,100,100,100,96,100,100,100,70,-1
471,AM_Test2,184,am3,1F,0,100,100,100,100,99,100,100,100,53,-1
472,AM_Test2,185,am3,1F,0,0,0,0,0,0,0,0,0,0,-1
473,AM_Test2,186,am3,1F,0,0,0,0,0,0,0,0,0,0,-1
474,AM_Test2,187,am3,1F,0,0,0,0,0,0,0,0,0,0,-1
659,AM_Test3,2,am4,1F,9,100,0,0,0,100,100,100,96,38,-1
669,AM_Test3,3,am4,1F,7,100,0,0,0,100,100,100,100,67,-1
680,AM_Test3,4,am4,1F,49,100,0,2,0,100,100,100,98,76,-1
691,AM_Test3,5,am4,1F,1,100,0,0,0,98,100,96,40,17,-1
702,AM_Test3,6,am4,1F,1,100,0,0,0,100,100,100,94,19,-1
713,AM_Test3,7,am4,1F,0,100,0,0,0,89,100,70,11,0,-1
724,AM_Test3,8,am4,1F,0,100,0,0,0,100,100,92,20,0,-1
735,AM_Test3,9,am4,1F,0,100,0,0,0,100,100,91,9,0,-1
563,AM_Test3,10,am4,1F,9,100,0,0,0,100,100,100,88,36,-1
574,AM_Test3,11,am4,1F,23,100,0,0,0,100,100,100,100,66,-1
584,AM_Test3,12,am4,1F,0,100,0,0,0,100,100,100,100,1,-1
595,AM_Test3,13,am4,1F,0,100,0,0,0,100,100,100,44,2,-1
606,AM_Test3,14,am4,1F,0,100,0,0,0,100,100,100,90,0,-1
617,AM_Test3,15,am4,1F,0,100,0,0,0,100,100,100,100,0,-1
628,AM_Test3,16,am4,1F,0,100,0,0,0,100,100,100,57,0,-1
638,AM_Test3,17,am4,1F,0,100,0,0,0,100,100,100,29,0,-1
649,AM_Test3,18,am4,1F,0,100,0,0,0,100,100,100,17,0,-1
658,AM_Test3,19,am4,1F,0,0,0,0,0,0,0,0,0,0,-1
660,AM_Test3,20,am4,1F,0,0,0,0,0,0,0,0,0,0,-1
661,AM_Test3,21,am4,1F,0,0,0,0,0,0,0,0,0,0,-1
662,AM_Test3,22,am4,1F,0,100,0,0,0,98,100,98,14,0,-1
663,AM_Test3,23,am4,1F,0,100,0,0,0,100,100,100,54,0,-1
664,AM_Test3,24,am4,1F,0,100,0,0,0,100,100,100,70,0,-1
665,AM_Test3,25,am4,1F,7,100,1,1,3,87,100,72,22,20,-1
666,AM_Test3,26,am4,1F,0,100,0,0,0,100,100,100,65,6,-1
667,AM_Test3,27,am4,1F,0,100,0,0,0,100,100,98,36,1,-1
668,AM_Test3,29,am4,1F,40,100,0,1,4,99,100,97,71,62,-1
670,AM_Test3,30,am4,1F,0,100,0,0,0,100,100,100,100,51,-1
671,AM_Test3,31,am4,1F,6,100,0,0,0,100,100,100,98,37,-1
672,AM_Test3,32,am4,1F,0,100,0,0,0,100,100,100,72,0,-1
673,AM_Test3,33,am4,1F,0,100,0,0,0,98,100,98,15,0,-1
674,AM_Test3,34,am4,1F,2,100,0,0,0,100,100,100,97,33,-1
675,AM_Test3,35,am4,1F,0,100,0,0,0,100,100,100,98,13,-1
676,AM_Test3,36,am4,1F,0,100,0,0,0,100,100,100,59,0,-1
677,AM_Test3,37,am4,1F,0,100,0,0,0,100,100,100,83,5,-1
678,AM_Test3,38,am4,1F,0,100,0,0,0,100,100,100,83,0,-1
679,AM_Test3,39,am4,1F,0,100,0,0,0,95,100,89,3,0,-1
681,AM_Test3,40,am4,1F,0,100,0,0,0,100,100,100,79,3,-1
682,AM_Test3,41,am4,1F,0,100,0,0,0,100,100,100,42,0,-1
683,AM_Test3,42,am4,1F,0,100,0,0,0,100,100,100,100,0,-1
684,AM_Test3,43,am4,1F,0,0,0,0,0,0,0,0,0,0,-1
685,AM_Test3,44,am4,1F,0,0,0,0,0,0,0,0,0,0,-1
686,AM_Test3,45,am4,1F,0,0,0,0,0,0,0,0,0,0,-1
687,AM_Test3,46,am4,1F,0,100,0,0,0,100,100,99,30,0,-1
688,AM_Test3,47,am4,1F,0,100,0,0,0,100,100,100,91,0,-1
689,AM_Test3,48,am4,1F,0,100,0,0,0,100,100,100,96,0,-1
690,AM_Test3,49,am4,1F,3,100,0,0,0,100,100,99,81,18,-1
692,AM_Test3,50,am4,1F,0,100,0,0,0,100,100,100,97,4,-1
693,AM_Test3,51,am4,1F,0,100,0,0,0,100,100,97,20,0,-1
694,AM_Test3,52,am4,1F,0,100,0,0,0,97,100,92,22,1,-1
695,AM_Test3,53,am4,1F,0,100,0,0,0,100,100,100,57,0,-1
696,AM_Test3,54,am4,1F,0,100,0,0,0,100,100,100,100,2,-1
697,AM_Test3,55,am4,1F,1,100,0,0,0,100,100,100,96,19,-1
698,AM_Test3,56,am4,1F,23,100,0,0,0,100,100,100,100,93,-1
699,AM_Test3,57,am4,1F,26,100,0,0,0,100,100,100,100,99,-1
700,AM_Test3,58,am4,1F,29,100,0,0,0,100,100,100,99,71,-1
701,AM_Test3,59,am4,1F,3,100,0,0,0,100,100,100,100,61,-1
703,AM_Test3,60,am4,1F,46,100,0,0,0,100,100,100,100,98,-1
704,AM_Test3,61,am4,1F,0,100,0,0,0,100,100,100,97,14,-1
705,AM_Test3,62,am4,1F,0,100,0,0,0,100,100,100,100,5,-1
706,AM_Test3,63,am4,1F,0,100,0,0,0,100,100,100,100,1,-1
707,AM_Test3,64,am4,1F,0,100,0,0,0,100,100,100,100,38,-1
708,AM_Test3,65,am4,1F,0,100,0,0,0,100,100,100,99,1,-1
709,AM_Test3,66,am4,1F,1,100,0,0,0,100,100,100,100,94,-1
710,AM_Test3,67,am4,1F,0,0,0,0,0,0,0,0,0,0,-1
711,AM_Test3,68,am4,1F,0,0,0,0,0,0,0,0,0,0,-1
712,AM_Test3,69,am4,1F,0,0,0,0,0,0,0,0,0,0,-1
714,AM_Test3,70,am4,1F,1,100,0,0,0,100,100,100,99,18,-1
715,AM_Test3,71,am4,1F,0,100,0,0,0,100,100,100,100,13,-1
716,AM_Test3,72,am4,1F,0,100,0,0,0,100,100,100,100,0,-1
717,AM_Test3,73,am4,1F,0,100,0,0,0,98,100,95,23,0,-1
718,AM_Test3,74,am4,1F,0,100,0,0,0,100,100,100,99,18,-1
719,AM_Test3,75,am4,1F,0,100,0,0,0,100,100,100,100,1,-1
720,AM_Test3,76,am4,1F,9,100,0,0,0,100,100,100,91,50,-1
721,AM_Test3,77,am4,1F,0,100,0,0,0,100,100,100,93,1,-1
722,AM_Test3,78,am4,1F,0,100,0,0,0,100,100,100,77,0,-1
723,AM_Test3,79,am4,1F,35,100,0,0,0,100,100,100,100,69,-1
725,AM_Test3,80,am4,1F,23,100,0,0,0,100,100,100,100,88,-1
726,AM_Test3,81,am4,1F,0,100,0,0,0,100,100,100,100,46,-1
727,AM_Test3,82,am4,1F,1,100,0,0,0,100,100,100,98,32,-1
728,AM_Test3,83,am4,1F,28,100,0,0,0,100,100,100,100,78,-1
729,AM_Test3,84,am4,1F,3,100,0,0,0,100,100,100,100,82,-1
730,AM_Test3,85,am4,1F,8,100,0,0,0,100,100,100,100,74,-1
731,AM_Test3,86,am4,1F,0,100,0,0,0,100,100,100,100,41,-1
732,AM_Test3,87,am4,1F,0,100,0,0,0,100,100,100,100,13,-1
733,AM_Test3,88,am4,1F,40,100,0,0,0,100,100,100,100,83,-1
734,AM_Test3,89,am4,1F,7,100,0,0,0,100,100,100,100,73,-1
736,AM_Test3,90,am4,1F,0,100,0,0,0,100,100,100,100,3,-1
737,AM_Test3,91,am4,1F,0,0,0,0,0,0,0,0,0,0,-1
738,AM_Test3,92,am4,1F,0,0,0,0,0,0,0,0,0,0,-1
739,AM_Test3,93,am4,1F,0,0,0,0,0,0,0,0,0,0,-1
740,AM_Test3,94,am4,1F,0,100,0,0,0,100,100,100,88,3,-1
741,AM_Test3,95,am4,1F,0,100,0,0,0,100,100,100,100,6,-1
742,AM_Test3,96,am4,1F,0,100,0,0,0,100,100,100,100,0,-1
743,AM_Test3,97,am4,1F,0,100,0,0,0,100,100,100,79,6,-1
744,AM_Test3,98,am4,1F,0,100,0,0,0,100,100,100,100,11,-1
745,AM_Test3,99,am4,1F,0,100,0,0,0,100,100,100,86,0,-1
564,AM_Test3,100,am4,1F,0,100,0,0,0,100,100,100,51,1,-1
565,AM_Test3,101,am4,1F,0,100,0,0,0,100,100,99,26,0,-1
566,AM_Test3,102,am4,1F,0,100,0,0,0,100,100,100,96,0,-1
567,AM_Test3,103,am4,1F,4,100,0,0,0,100,100,100,100,54,-1
568,AM_Test3,104,am4,1F,0,100,0,0,0,100,100,100,100,6,-1
569,AM_Test3,105,am4,1F,0,100,0,0,0,100,100,100,100,45,-1
570,AM_Test3,106,am4,1F,1,100,0,0,0,100,100,100,100,34,-1
571,AM_Test3,107,am4,1F,0,100,0,0,0,100,100,100,100,1,-1
572,AM_Test3,108,am4,1F,0,100,0,0,0,100,100,100,100,66,-1
573,AM_Test3,109,am4,1F,41,100,0,0,0,100,100,100,100,95,-1
575,AM_Test3,111,am4,1F,22,100,0,0,0,100,100,100,100,99,-1
576,AM_Test3,112,am4,1F,12,100,0,0,0,100,100,100,100,71,-1
577,AM_Test3,113,am4,1F,44,100,0,0,0,100,100,100,100,97,-1
578,AM_Test3,114,am4,1F,9,100,0,0,0,100,100,100,100,98,-1
579,AM_Test3,115,am4,1F,0,0,0,0,0,0,0,0,0,0,-1
580,AM_Test3,116,am4,1F,0,0,0,0,0,0,0,0,0,0,-1
581,AM_Test3,117,am4,1F,0,0,0,0,0,0,0,0,0,0,-1
582,AM_Test3,118,am4,1F,40,100,0,0,0,100,100,100,100,94,-1
583,AM_Test3,119,am4,1F,6,100,0,0,0,100,100,100,100,78,-1
585,AM_Test3,120,am4,1F,17,100,0,0,0,100,100,100,100,100,-1
586,AM_Test3,121,am4,1F,0,100,0,0,0,89,100,77,5,0,-1
587,AM_Test3,122,am4,1F,0,100,0,0,0,100,100,100,100,5,-1
588,AM_Test3,123,am4,1F,0,100,0,0,0,87,100,75,1,0,-1
589,AM_Test3,124,am4,1F,0,100,0,0,0,69,100,53,1,0,-1
590,AM_Test3,125,am4,1F,0,100,0,0,0,95,100,92,10,0,-1
591,AM_Test3,126,am4,1F,0,100,0,0,0,100,100,100,100,0,-1
592,AM_Test3,127,am4,1F,2,100,0,0,0,100,100,100,100,57,-1
593,AM_Test3,128,am4,1F,0,100,0,0,0,100,100,100,100,22,-1
594,AM_Test3,129,am4,1F,0,100,0,0,0,100,100,100,100,52,-1
596,AM_Test3,130,am4,1F,9,100,0,0,0,100,100,100,99,67,-1
597,AM_Test3,131,am4,1F,1,100,0,0,0,100,100,100,100,50,-1
598,AM_Test3,132,am4,1F,0,100,0,0,0,100,100,100,100,52,-1
599,AM_Test3,133,am4,1F,46,100,0,0,0,100,100,100,100,93,-1
600,AM_Test3,134,am4,1F,2,100,0,0,0,100,100,100,100,65,-1
601,AM_Test3,135,am4,1F,8,100,0,0,0,100,100,100,100,97,-1
602,AM_Test3,136,am4,1F,9,100,0,0,0,100,100,100,100,55,-1
603,AM_Test3,137,am4,1F,1,100,0,0,0,100,100,100,100,63,-1
604,AM_Test3,138,am4,1F,4,100,0,0,0,100,100,100,100,98,-1
605,AM_Test3,139,am4,1F,0,0,0,0,0,0,0,0,0,0,-1
607,AM_Test3,140,am4,1F,0,0,0,0,0,0,0,0,0,0,-1
608,AM_Test3,141,am4,1F,0,0,0,0,0,0,0,0,0,0,-1
609,AM_Test3,142,am4,1F,22,100,0,0,0,100,100,100,100,76,-1
610,AM_Test3,143,am4,1F,28,100,0,0,0,100,100,100,100,97,-1
611,AM_Test3,144,am4,1F,1,100,0,0,0,100,100,100,100,95,-1
612,AM_Test3,145,am4,1F,0,0,0,0,0,0,0,0,0,0,-1
613,AM_Test3,146,am4,1F,0,0,0,0,0,0,0,0,0,0,-1
614,AM_Test3,147,am4,1F,0,0,0,0,0,0,0,0,0,0,-1
615,AM_Test3,148,am4,1F,0,0,0,0,0,0,0,0,0,0,-1
616,AM_Test3,149,am4,1F,0,0,0,0,0,0,0,0,0,0,-1
618,AM_Test3,150,am4,1F,0,0,0,0,0,0,0,0,0,0,-1
619,AM_Test3,151,am4,1F,0,0,0,0,0,0,0,0,0,0,-1
620,AM_Test3,152,am4,1F,0,0,0,0,0,0,0,0,0,0,-1
621,AM_Test3,153,am4,1F,0,0,0,0,0,0,0,0,0,0,-1
622,AM_Test3,154,am4,1F,0,0,0,0,0,0,0,0,0,0,-1
623,AM_Test3,155,am4,1F,0,0,0,0,0,0,0,0,0,0,-1
624,AM_Test3,156,am4,1F,0,0,0,0,0,0,0,0,0,0,-1
625,AM_Test3,157,am4,1F,0,0,0,0,0,0,0,0,0,0,-1
626,AM_Test3,158,am4,1F,0,0,0,0,0,0,0,0,0,0,-1
627,AM_Test3,159,am4,1F,0,0,0,0,0,0,0,0,0,0,-1
629,AM_Test3,160,am4,1F,0,0,0,0,0,0,0,0,0,0,-1
630,AM_Test3,161,am4,1F,0,0,0,0,0,0,0,0,0,0,-1
631,AM_Test3,162,am4,1F,0,0,0,0,0,0,0,0,0,0,-1
632,AM_Test3,164,am4,1F,0,0,0,0,0,0,0,0,0,0,-1
633,AM_Test3,165,am4,1F,0,0,0,0,0,0,0,0,0,0,-1
634,AM_Test3,166,am4,1F,0,0,0,0,0,0,0,0,0,0,-1
635,AM_Test3,167,am4,1F,0,100,0,0,0,100,100,100,45,0,-1
636,AM_Test3,168,am4,1F,0,100,0,0,0,100,100,100,97,0,-1
637,AM_Test3,169,am4,1F,0,100,0,0,0,100,100,100,55,0,-1
639,AM_Test3,170,am4,1F,0,100,0,0,0,100,100,100,75,0,-1
640,AM_Test3,171,am4,1F,0,100,0,0,0,100,100,100,64,0,-1
641,AM_Test3,172,am4,1F,0,100,0,0,0,100,100,100,80,0,-1
642,AM_Test3,173,am4,1F,4,100,0,0,0,100,100,100,100,40,-1
643,AM_Test3,174,am4,1F,0,100,0,0,0,100,100,100,100,2,-1
644,AM_Test3,175,am4,1F,0,100,0,0,0,100,100,100,100,26,-1
645,AM_Test3,176,am4,1F,0,100,0,0,0,100,100,100,100,46,-1
646,AM_Test3,177,am4,1F,0,100,0,0,0,100,100,100,99,0,-1
647,AM_Test3,178,am4,1F,0,100,0,0,0,100,100,100,100,0,-1
648,AM_Test3,179,am4,1F,5,100,0,0,0,100,100,100,100,70,-1
650,AM_Test3,180,am4,1F,12,100,0,0,0,100,100,100,100,94,-1
651,AM_Test3,181,am4,1F,30,100,0,0,0,100,100,100,100,100,-1
652,AM_Test3,182,am4,1F,43,100,0,0,0,100,100,100,100,94,-1
653,AM_Test3,183,am4,1F,4,100,0,0,0,100,100,100,100,88,-1
654,AM_Test3,184,am4,1F,0,100,0,0,0,100,100,100,100,73,-1
655,AM_Test3,185,am4,1F,0,0,0,0,0,0,0,0,0,0,-1
656,AM_Test3,186,am4,1F,0,0,0,0,0,0,0,0,0,0,-1
657,AM_Test3,187,am4,1F,0,0,0,0,0,0,0,0,0,0,-1
0,AM_Test1,1,am1,2I,13,0,0,3,9,87,34,0,8,57,-1
204,AM_Test1,2,am1,2I,0,0,0,0,5,86,2,0,5,60,-1
226,AM_Test1,3,am1,2I,0,0,0,0,0,100,0,0,0,43,-1
248,AM_Test1,4,am1,2I,2,0,0,0,1,91,4,0,4,62,-1
270,AM_Test1,5,am1,2I,0,0,0,0,0,98,2,0,0,6,-1
292,AM_Test1,6,am1,2I,0,0,0,0,7,72,3,0,8,57,-1
314,AM_Test1,7,am1,2I,0,0,0,0,0,88,0,0,0,0,-1
336,AM_Test1,8,am1,2I,0,0,0,0,0,96,0,0,0,0,-1
358,AM_Test1,9,am1,2I,0,0,0,0,0,97,0,0,0,0,-1
2,AM_Test1,10,am1,2I,0,0,0,0,0,99,0,0,0,29,-1
24,AM_Test1,11,am1,2I,0,0,0,0,0,100,0,0,0,49,-1
46,AM_Test1,12,am1,2I,0,0,0,0,0,100,0,0,0,2,-1
68,AM_Test1,13,am1,2I,0,0,0,0,0,100,0,0,0,1,-1
90,AM_Test1,14,am1,2I,0,0,0,0,0,100,0,0,0,0,-1
112,AM_Test1,15,am1,2I,0,0,0,0,0,100,0,0,0,0,-1
134,AM_Test1,16,am1,2I,0,0,0,0,0,100,0,0,0,1,-1
156,AM_Test1,17,am1,2I,0,0,0,0,0,100,0,0,0,0,-1
178,AM_Test1,18,am1,2I,0,0,0,0,0,100,0,0,0,0,-1
200,AM_Test1,19,am1,2I,0,0,0,0,0,0,0,0,0,0,-1
206,AM_Test1,20,am1,2I,0,0,0,0,0,0,0,0,0,0,-1
208,AM_Test1,21,am1,2I,0,0,0,0,0,0,0,0,0,0,-1
210,AM_Test1,22,am1,2I,0,0,0,0,0,99,0,0,0,0,-1
212,AM_Test1,23,am1,2I,0,0,0,0,0,100,0,0,0,0,-1
214,AM_Test1,24,am1,2I,0,0,0,0,0,100,0,0,0,0,-1
216,AM_Test1,25,am1,2I,5,0,58,10,93,52,2,6,24,64,-1
218,AM_Test1,26,am1,2I,0,0,0,0,46,58,2,0,22,54,-1
220,AM_Test1,27,am1,2I,0,0,0,0,0,100,0,0,0,0,-1
222,AM_Test1,28,am1,2I,55,62,33,65,68,52,35,48,56,67,-1
224,AM_Test1,29,am1,2I,10,0,4,8,28,81,21,0,23,70,-1
228,AM_Test1,30,am1,2I,0,0,0,0,0,100,0,0,0,32,-1
230,AM_Test1,31,am1,2I,0,0,0,0,0,100,0,0,0,31,-1
232,AM_Test1,32,am1,2I,0,0,0,0,0,100,0,0,0,0,-1
234,AM_Test1,33,am1,2I,0,0,0,0,0,100,0,0,0,0,-1
236,AM_Test1,34,am1,2I,0,0,0,0,0,99,0,0,0,22,-1
238,AM_Test1,35,am1,2I,0,0,0,0,0,100,0,0,0,7,-1
240,AM_Test1,36,am1,2I,0,0,0,0,0,100,0,0,0,0,-1
242,AM_Test1,37,am1,2I,0,0,0,0,0,100,0,0,0,6,-1
244,AM_Test1,38,am1,2I,0,0,0,0,0,100,0,0,0,0,-1
246,AM_Test1,39,am1,2I,0,0,0,0,0,99,0,0,0,0,-1
250,AM_Test1,40,am1,2I,0,0,0,0,0,100,0,0,0,1,-1
252,AM_Test1,41,am1,2I,0,0,0,0,0,100,0,0,0,0,-1
254,AM_Test1,42,am1,2I,0,0,0,0,0,100,0,0,0,0,-1
256,AM_Test1,43,am1,2I,0,0,0,0,0,0,0,0,0,0,-1
258,AM_Test1,44,am1,2I,0,0,0,0,0,0,0,0,0,0,-1
260,AM_Test1,45,am1,2I,0,0,0,0,0,0,0,0,0,0,-1
262,AM_Test1,46,am1,2I,0,0,0,0,0,100,0,0,0,0,-1
264,AM_Test1,47,am1,2I,0,0,0,0,0,100,0,0,0,0,-1
266,AM_Test1,48,am1,2I,0,0,0,0,0,100,0,0,0,0,-1
268,AM_Test1,49,am1,2I,0,0,0,0,39,67,7,0,24,69,-1
272,AM_Test1,50,am1,2I,0,0,0,0,5,75,0,0,4,58,-1
274,AM_Test1,51,am1,2I,0,0,0,0,100,24,0,0,0,58,-1
276,AM_Test1,52,am1,2I,0,0,16,0,96,37,0,0,11,58,-1
278,AM_Test1,53,am1,2I,0,0,0,0,90,41,0,0,4,61,-1
280,AM_Test1,54,am1,2I,0,0,0,0,0,79,0,0,0,63,-1
282,AM_Test1,55,am1,2I,0,0,0,0,6,80,1,0,4,60,-1
284,AM_Test1,56,am1,2I,0,0,0,0,0,100,0,0,0,55,-1
286,AM_Test1,57,am1,2I,0,0,0,0,0,99,0,0,0,58,-1
288,AM_Test1,58,am1,2I,0,0,0,0,0,97,0,0,0,47,-1
290,AM_Test1,59,am1,2I,0,0,0,0,0,100,0,0,0,44,-1
294,AM_Test1,60,am1,2I,0,0,0,0,0,100,0,0,0,56,-1
296,AM_Test1,61,am1,2I,0,0,0,0,0,100,0,0,0,16,-1
298,AM_Test1,62,am1,2I,0,0,0,0,0,100,0,0,0,4,-1
300,AM_Test1,63,am1,2I,0,0,0,0,0,100,0,0,0,1,-1
302,AM_Test1,64,am1,2I,0,0,0,0,0,100,0,0,0,18,-1
304,AM_Test1,65,am1,2I,0,0,0,0,0,100,0,0,0,2,-1
306,AM_Test1,66,am1,2I,0,0,0,0,0,100,0,0,0,48,-1
308,AM_Test1,67,am1,2I,0,0,0,0,0,0,0,0,0,0,-1
310,AM_Test1,68,am1,2I,0,0,0,0,0,0,0,0,0,0,-1
312,AM_Test1,69,am1,2I,0,0,0,0,0,0,0,0,0,0,-1
316,AM_Test1,70,am1,2I,0,0,0,0,0,100,0,0,0,14,-1
318,AM_Test1,71,am1,2I,0,0,0,0,0,100,0,0,0,8,-1
320,AM_Test1,72,am1,2I,0,0,0,0,0,100,0,0,0,0,-1
322,AM_Test1,73,am1,2I,0,0,0,0,96,25,0,0,3,55,-1
324,AM_Test1,74,am1,2I,0,0,0,0,0,85,0,0,0,67,-1
326,AM_Test1,75,am1,2I,0,0,0,0,4,74,0,0,3,62,-1
328,AM_Test1,76,am1,2I,0,0,0,0,4,82,11,0,11,58,-1
330,AM_Test1,77,am1,2I,0,0,0,0,27,64,9,0,10,65,-1
332,AM_Test1,78,am1,2I,0,0,0,0,93,43,2,0,0,68,-1
334,AM_Test1,79,am1,2I,0,0,0,0,0,99,0,0,0,54,-1
338,AM_Test1,80,am1,2I,0,0,0,0,0,99,0,0,0,46,-1
340,AM_Test1,81,am1,2I,0,0,0,0,0,92,0,0,0,60,-1
342,AM_Test1,82,am1,2I,0,0,0,0,7,75,2,0,0,65,-1
344,AM_Test1,83,am1,2I,0,0,0,0,0,100,0,0,0,53,-1
346,AM_Test1,84,am1,2I,0,0,0,0,0,100,0,0,0,47,-1
348,AM_Test1,85,am1,2I,0,0,0,0,0,100,0,0,0,42,-1
350,AM_Test1,86,am1,2I,0,0,0,0,0,100,0,0,0,32,-1
352,AM_Test1,87,am1,2I,0,0,0,0,0,100,0,0,0,10,-1
354,AM_Test1,88,am1,2I,0,0,0,0,0,100,0,0,0,58,-1
356,AM_Test1,89,am1,2I,0,0,0,0,0,100,0,0,0,46,-1
360,AM_Test1,90,am1,2I,0,0,0,0,0,100,0,0,0,2,-1
362,AM_Test1,91,am1,2I,0,0,0,0,0,0,0,0,0,0,-1
364,AM_Test1,92,am1,2I,0,0,0,0,0,0,0,0,0,0,-1
366,AM_Test1,93,am1,2I,0,0,0,0,0,0,0,0,0,0,-1
368,AM_Test1,94,am1,2I,0,0,0,0,0,100,0,0,0,0,-1
370,AM_Test1,95,am1,2I,0,0,0,0,0,100,0,0,0,1,-1
372,AM_Test1,96,am1,2I,0,0,0,0,0,100,0,0,0,0,-1
374,AM_Test1,97,am1,2I,0,0,0,0,40,54,4,0,16,62,-1
376,AM_Test1,98,am1,2I,0,0,0,0,4,71,0,0,2,64,-1
378,AM_Test1,99,am1,2I,0,0,0,0,98,34,3,0,0,60,-1
4,AM_Test1,100,am1,2I,0,0,0,0,78,33,0,0,8,63,-1
6,AM_Test1,101,am1,2I,0,0,0,0,100,20,0,0,0,65,-1
8,AM_Test1,102,am1,2I,0,0,0,0,90,45,0,0,0,60,-1
10,AM_Test1,103,am1,2I,0,0,0,0,0,92,0,0,0,61,-1
12,AM_Test1,104,am1,2I,0,0,0,0,0,81,0,0,0,59,-1
14,AM_Test1,105,am1,2I,0,0,0,0,0,95,0,0,0,54,-1
16,AM_Test1,106,am1,2I,0,0,0,0,0,84,0,0,0,62,-1
18,AM_Test1,107,am1,2I,0,0,0,0,2,79,0,0,0,59,-1
20,AM_Test1,108,am1,2I,0,0,0,0,0,98,0,0,0,62,-1
22,AM_Test1,109,am1,2I,0,0,0,0,0,98,0,0,0,62,-1
26,AM_Test1,110,am1,2I,0,0,0,0,0,100,0,0,0,54,-1
28,AM_Test1,111,am1,2I,0,0,0,0,0,100,0,0,0,58,-1
30,AM_Test1,112,am1,2I,0,0,0,0,0,100,0,0,0,35,-1
32,AM_Test1,113,am1,2I,0,0,0,0,0,100,0,0,0,62,-1
34,AM_Test1,114,am1,2I,0,0,0,0,0,100,0,0,0,56,-1
36,AM_Test1,115,am1,2I,0,0,0,0,0,0,0,0,0,0,-1
38,AM_Test1,116,am1,2I,0,0,0,0,0,0,0,0,0,0,-1
40,AM_Test1,117,am1,2I,0,0,0,0,0,0,0,0,0,0,-1
42,AM_Test1,118,am1,2I,0,0,0,0,0,99,0,0,0,58,-1
44,AM_Test1,119,am1,2I,0,0,0,0,0,100,0,0,0,56,-1
48,AM_Test1,120,am1,2I,0,0,0,0,0,100,0,0,0,58,-1
50,AM_Test1,121,am1,2I,0,0,19,0,100,13,0,0,0,59,-1
52,AM_Test1,122,am1,2I,0,0,0,0,4,73,0,0,1,61,-1
54,AM_Test1,123,am1,2I,0,0,11,0,100,3,0,0,0,59,-1
56,AM_Test1,124,am1,2I,0,0,66,0,100,2,0,0,0,73,-1
58,AM_Test1,125,am1,2I,0,0,1,0,100,10,0,0,0,54,-1
60,AM_Test1,126,am1,2I,0,0,0,0,1,74,0,0,0,63,-1
62,AM_Test1,127,am1,2I,0,0,0,0,0,94,0,0,0,57,-1
64,AM_Test1,128,am1,2I,0,0,0,0,0,81,0,0,0,68,-1
66,AM_Test1,129,am1,2I,0,0,0,0,0,95,0,0,0,66,-1
70,AM_Test1,130,am1,2I,0,0,0,0,0,88,0,0,0,65,-1
72,AM_Test1,131,am1,2I,0,0,0,0,0,97,0,0,0,58,-1
74,AM_Test1,132,am1,2I,0,0,0,0,0,98,0,0,0,58,-1
76,AM_Test1,133,am1,2I,0,0,0,0,0,100,0,0,0,54,-1
78,AM_Test1,134,am1,2I,0,0,0,0,0,100,0,0,0,36,-1
80,AM_Test1,135,am1,2I,0,0,0,0,0,100,0,0,0,69,-1
82,AM_Test1,136,am1,2I,0,0,0,0,0,94,0,0,0,68,-1
84,AM_Test1,137,am1,2I,0,0,0,0,0,95,0,0,0,66,-1
86,AM_Test1,138,am1,2I,0,0,0,0,0,99,0,0,0,60,-1
88,AM_Test1,139,am1,2I,0,0,0,0,0,0,0,0,0,0,-1
92,AM_Test1,140,am1,2I,0,0,0,0,0,0,0,0,0,0,-1
94,AM_Test1,141,am1,2I,0,0,0,0,0,0,0,0,0,0,-1
96,AM_Test1,142,am1,2I,0,0,0,0,0,100,0,0,0,56,-1
98,AM_Test1,143,am1,2I,0,0,0,0,0,100,0,0,0,58,-1
100,AM_Test1,144,am1,2I,0,0,0,0,0,100,0,0,0,58,-1
102,AM_Test1,145,am1,2I,0,0,0,0,0,0,0,0,0,0,-1
104,AM_Test1,146,am1,2I,0,0,0,0,0,0,0,0,0,0,-1
106,AM_Test1,147,am1,2I,0,0,0,0,0,0,0,0,0,0,-1
108,AM_Test1,148,am1,2I,0,0,0,0,0,0,0,0,0,0,-1
110,AM_Test1,149,am1,2I,0,0,0,0,0,0,0,0,0,0,-1
114,AM_Test1,150,am1,2I,0,0,0,0,0,0,0,0,0,0,-1
116,AM_Test1,151,am1,2I,0,0,0,0,0,0,0,0,0,0,-1
118,AM_Test1,152,am1,2I,0,0,0,0,0,0,0,0,0,0,-1
120,AM_Test1,153,am1,2I,0,0,0,0,0,0,0,0,0,0,-1
122,AM_Test1,154,am1,2I,0,0,0,0,0,0,0,0,0,0,-1
124,AM_Test1,155,am1,2I,0,0,0,0,0,0,0,0,0,0,-1
126,AM_Test1,156,am1,2I,0,0,0,0,0,0,0,0,0,0,-1
128,AM_Test1,157,am1,2I,0,0,0,0,0,0,0,0,0,0,-1
130,AM_Test1,158,am1,2I,0,0,0,0,0,0,0,0,0,0,-1
132,AM_Test1,159,am1,2I,0,0,0,0,0,0,0,0,0,0,-1
136,AM_Test1,160,am1,2I,0,0,0,0,0,0,0,0,0,0,-1
138,AM_Test1,161,am1,2I,0,0,0,0,0,0,0,0,0,0,-1
140,AM_Test1,162,am1,2I,0,0,0,0,0,0,0,0,0,0,-1
142,AM_Test1,163,am1,2I,0,0,0,0,0,0,0,0,0,0,-1
144,AM_Test1,164,am1,2I,0,0,0,0,0,0,0,0,0,0,-1
146,AM_Test1,165,am1,2I,0,0,0,0,0,0,0,0,0,0,-1
148,AM_Test1,166,am1,2I,0,0,0,0,0,0,0,0,0,0,-1
150,AM_Test1,167,am1,2I,0,0,0,0,95,35,0,0,2,57,-1
152,AM_Test1,168,am1,2I,0,0,0,0,59,55,0,0,8,63,-1
154,AM_Test1,169,am1,2I,0,0,0,0,100,24,0,0,0,59,-1
158,AM_Test1,170,am1,2I,0,0,0,0,84,45,1,0,7,62,-1
160,AM_Test1,171,am1,2I,0,0,0,0,98,34,0,0,1,55,-1
162,AM_Test1,172,am1,2I,0,0,0,0,100,23,1,0,0,57,-1
164,AM_Test1,173,am1,2I,0,0,0,0,0,97,0,0,0,55,-1
166,AM_Test1,174,am1,2I,0,0,0,0,2,73,0,0,1,57,-1
168,AM_Test1,175,am1,2I,0,0,0,0,0,98,0,0,0,57,-1
170,AM_Test1,176,am1,2I,0,0,0,0,0,88,0,0,0,67,-1
172,AM_Test1,177,am1,2I,0,0,0,0,20,69,0,0,3,63,-1
174,AM_Test1,178,am1,2I,0,0,0,0,0,77,0,0,0,63,-1
176,AM_Test1,179,am1,2I,0,0,0,0,0,93,0,0,0,57,-1
180,AM_Test1,180,am1,2I,0,0,0,0,0,98,0,0,0,55,-1
182,AM_Test1,181,am1,2I,0,0,0,0,0,100,0,0,0,65,-1
184,AM_Test1,182,am1,2I,0,0,0,0,0,100,0,0,0,62,-1
186,AM_Test1,183,am1,2I,0,0,0,0,0,98,0,0,0,64,-1
188,AM_Test1,184,am1,2I,0,0,0,0,0,98,0,0,0,53,-1
190,AM_Test1,185,am1,2I,0,0,0,0,0,0,0,0,0,0,-1
192,AM_Test1,186,am1,2I,0,0,0,0,0,0,0,0,0,0,-1
194,AM_Test1,187,am1,2I,0,0,0,0,0,0,0,0,0,0,-1
196,AM_Test1,188,am1,2I,0,0,0,0,0,100,0,0,0,61,-1
198,AM_Test1,189,am1,2I,0,0,0,0,0,99,0,0,0,64,-1
202,AM_Test1,190,am1,2I,0,0,0,0,0,100,0,0,0,64,-1
